{
  "Legs": [
    {
      "Distance": 0.5475201479346837,
      "DurationSeconds": 59.150682368,
      "EndPosition": [-47.37628953837957, -22.366216236608015],
      "Geometry": {
        "LineString": [
          [-47.37830649601139, -22.363796202584876],
          [-47.37830648042729, -22.363796192736416],
          [-47.378359981427984, -22.363729983869174],
          [-47.37835997653353, -22.363729968455818],
          [-47.378369970808556, -22.363689969293308],
          [-47.378509978908546, -22.363619987305725],
          [-47.37855997234608, -22.363619987305725],
          [-47.37867996983361, -22.363719974180793],
          [-47.378629976396084, -22.363869976555815],
          [-47.378589977233574, -22.363889987168278],
          [-47.37851997318357, -22.3638999814433],
          [-47.37841998630851, -22.363879970830837],
          [-47.37812997583349, -22.364319983680872],
          [-47.37774997275843, -22.36513997754355],
          [-47.377579981833364, -22.365499970006145],
          [-47.37700997722077, -22.36661996861886],
          [-47.37680998140822, -22.36666998411881],
          [-47.37680997891402, -22.366669984723263],
          [-47.3767699813302, -22.36660997731676],
          [-47.37676997433097, -22.36660997883505],
          [-47.37670996697477, -22.366549971478857],
          [-47.37642998412276, -22.36646997637828],
          [-47.37642997662752, -22.366469974111645],
          [-47.37637998556348, -22.366479967912177],
          [-47.376229968248616, -22.366399973385164],
          [-47.37624997791105, -22.366239984331134],
          [-47.376289533947165, -22.366216246297192],
          [-47.37628953837957, -22.366216236608015]
        ]
      },
      "StartPosition": [-47.37830649601139, -22.363796202584876],
      "Steps": [
        {
          "Distance": 0.009169996047061526,
          "DurationSeconds": 1.187610676,
          "EndPosition": [-47.378359981427984, -22.363729983869174],
          "GeometryOffset": 1,
          "StartPosition": [-47.37830648042729, -22.363796192736416]
        },
        {
          "Distance": 0.4430427551269531,
          "DurationSeconds": 46.526184082,
          "EndPosition": [-47.37680998140822, -22.36666998411881],
          "GeometryOffset": 3,
          "StartPosition": [-47.37835997653353, -22.363729968455818]
        },
        {
          "Distance": 0.007900238037109375,
          "DurationSeconds": 0.948028564,
          "EndPosition": [-47.3767699813302, -22.36660997731676],
          "GeometryOffset": 17,
          "StartPosition": [-47.37680997891402, -22.366669984723263]
        },
        {
          "Distance": 0.03973388671875,
          "DurationSeconds": 4.768066406,
          "EndPosition": [-47.37642998412276, -22.36646997637828],
          "GeometryOffset": 19,
          "StartPosition": [-47.37676997433097, -22.36660997883505]
        },
        {
          "Distance": 0.0476732720048097,
          "DurationSeconds": 5.72079264,
          "EndPosition": [-47.376289533947165, -22.366216246297192],
          "GeometryOffset": 22,
          "StartPosition": [-47.37642997662752, -22.366469974111645]
        }
      ]
    },
    {
      "Distance": 0.8988124884263956,
      "DurationSeconds": 81.96548907999998,
      "EndPosition": [-47.37271495221794, -22.370484038791787],
      "Geometry": {
        "LineString": [
          [-47.37628953837957, -22.366216236608015],
          [-47.376289528268565, -22.366216243972037],
          [-47.37635997081609, -22.366199984605448],
          [-47.376509967333675, -22.366259969975545],
          [-47.376829970199914, -22.36643997020896],
          [-47.37682997442659, -22.366439978903777],
          [-47.37689997601017, -22.36649998656446],
          [-47.377009975347, -22.36661997982419],
          [-47.375429986878174, -22.37018997234044],
          [-47.37519997221998, -22.37068997734843],
          [-47.37504997512991, -22.371019975358912],
          [-47.37504998409201, -22.371019974620456],
          [-47.374929973737586, -22.37097997852256],
          [-47.37478997636458, -22.370929988915368],
          [-47.37478996924553, -22.370929980938975],
          [-47.37453997846135, -22.37096997681717],
          [-47.37430997458596, -22.37080997124378],
          [-47.37430997881542, -22.370809988852887],
          [-47.37354997658291, -22.371039968338938],
          [-47.37354998605034, -22.37103997394093],
          [-47.37328998655375, -22.370819969276116],
          [-47.372699969029924, -22.37051997494775],
          [-47.372699973722554, -22.37051997394492],
          [-47.37271495221794, -22.370484038791787]
        ]
      },
      "StartPosition": [-47.37628953837957, -22.366216236608015],
      "Steps": [
        {
          "Distance": 0.06418891061237775,
          "DurationSeconds": 7.702669273,
          "EndPosition": [-47.376829970199914, -22.36643997020896],
          "GeometryOffset": 1,
          "StartPosition": [-47.376289528268565, -22.366216243972037]
        },
        {
          "Distance": 0.5558280944824219,
          "DurationSeconds": 40.396270751,
          "EndPosition": [-47.37504997512991, -22.371019975358912],
          "GeometryOffset": 5,
          "StartPosition": [-47.37682997442659, -22.366439978903777]
        },
        {
          "Distance": 0.028568267822265625,
          "DurationSeconds": 3.197937011,
          "EndPosition": [-47.37478997636458, -22.370929988915368],
          "GeometryOffset": 11,
          "StartPosition": [-47.37504998409201, -22.371019974620456]
        },
        {
          "Distance": 0.05730438232421875,
          "DurationSeconds": 6.592712402,
          "EndPosition": [-47.37430997458596, -22.37080997124378],
          "GeometryOffset": 14,
          "StartPosition": [-47.37478996924553, -22.370929980938975]
        },
        {
          "Distance": 0.082305908203125,
          "DurationSeconds": 9.816284179,
          "EndPosition": [-47.37354997658291, -22.371039968338938],
          "GeometryOffset": 17,
          "StartPosition": [-47.37430997881542, -22.370809988852887]
        },
        {
          "Distance": 0.10637664794921875,
          "DurationSeconds": 13.411560058,
          "EndPosition": [-47.372699969029924, -22.37051997494775],
          "GeometryOffset": 19,
          "StartPosition": [-47.37354998605034, -22.37103997394093]
        },
        {
          "Distance": 0.0042402770327678585,
          "DurationSeconds": 0.848055406,
          "EndPosition": [-47.37271495221794, -22.370484038791787],
          "GeometryOffset": 22,
          "StartPosition": [-47.372699973722554, -22.37051997394492]
        }
      ]
    },
    {
      "Distance": 0.4901149416814359,
      "DurationSeconds": 52.684123284,
      "EndPosition": [-47.36962817150076, -22.37179058119172],
      "Geometry": {
        "LineString": [
          [-47.37271495221794, -22.370484038791787],
          [-47.372699973722554, -22.37051997394492],
          [-47.37269996891798, -22.3705199698136],
          [-47.372029973746834, -22.370149985650208],
          [-47.371959978531564, -22.370109969476086],
          [-47.37141998077723, -22.369819973541677],
          [-47.3709199771374, -22.369699969138573],
          [-47.370619988189276, -22.369989987132616],
          [-47.37056997900144, -22.370069975361595],
          [-47.37027998306703, -22.370569979001434],
          [-47.36992998493106, -22.371149970870256],
          [-47.36954998569433, -22.371749970826137],
          [-47.36954997517349, -22.37174997204123],
          [-47.36962817150076, -22.37179058119172]
        ]
      },
      "StartPosition": [-47.37271495221794, -22.370484038791787],
      "Steps": [
        {
          "Distance": 0.0042402770327678585,
          "DurationSeconds": 0.954062332,
          "EndPosition": [-47.372699973722554, -22.37051997394492],
          "GeometryOffset": 1,