{
  "Legs": [
    {
      "Distance": 0.7225171746191572,
      "DurationSeconds": 89.989413489,
      "EndPosition": [-47.37615947278922, -22.36430554734387],
      "Geometry": {
        "LineString": [
          [-47.379819987522076, -22.360789988575362],
          [-47.37971997617731, -22.360939972498095],
          [-47.379699987146125, -22.361109967514956],
          [-47.379599975801355, -22.361509968768132],
          [-47.37915997442286, -22.362429971650435],
          [-47.37895997379628, -22.36282997290361],
          [-47.3785599725431, -22.36361998089437],
          [-47.37855997234608, -22.363619987305725],
          [-47.37867996983361, -22.363719974180793],
          [-47.378629976396084, -22.363869976555815],
          [-47.378589977233574, -22.363889987168278],
          [-47.37851997318357, -22.3638999814433],
          [-47.37841998630851, -22.363879970830837],
          [-47.37812997583349, -22.364319983680872],
          [-47.37812997811985, -22.364319969730715],
          [-47.37783997101032, -22.364369984650253],
          [-47.376509975681984, -22.363689984716437],
          [-47.37650998471696, -22.36368996884378],
          [-47.3761799681323, -22.36426998529056],
          [-47.37615947308536, -22.364305548278356],
          [-47.37615947278922, -22.36430554734387]
        ]
      },
      "StartPosition": [-47.379819987522076, -22.360789988575362],
      "Steps": [
        {
          "Distance": 0.34126036475555516,
          "DurationSeconds": 42.259568096,
          "EndPosition": [-47.3785599725431, -22.36361998089437],
          "GeometryOffset": 1,
          "StartPosition": [-47.37971997617731, -22.360939972498095]
        },
        {
          "Distance": 0.1152801513671875,
          "DurationSeconds": 13.772277832,
          "EndPosition": [-47.37812997583349, -22.364319983680872],
          "GeometryOffset": 7,
          "StartPosition": [-47.37855997234608, -22.363619987305725]
        },
        {
          "Distance": 0.18884277343750006,
          "DurationSeconds": 20.646972656,
          "EndPosition": [-47.376509975681984, -22.363689984716437],
          "GeometryOffset": 14,
          "StartPosition": [-47.37812997811985, -22.364319969730715]
        },
        {
          "Distance": 0.0771338850589145,
          "DurationSeconds": 13.310594905,
          "EndPosition": [-47.37615947308536, -22.364305548278356],
          "GeometryOffset": 17,
          "StartPosition": [-47.37650998471696, -22.36368996884378]
        }
      ]
    },
    {
      "Distance": 1.29211359983747,
      "DurationSeconds": 158.55843375899997,
      "EndPosition": [-47.36960157791936, -22.37177678012017],
      "Geometry": {
        "LineString": [
          [-47.37615947278922, -22.36430554734387],
          [-47.375839981856835, -22.364859968461246],
          [-47.3754899802243, -22.36546998391294],
          [-47.37515998813988, -22.366049974011855],
          [-47.37486997102918, -22.3665899670758],
          [-47.3748299739942, -22.366729967728812],
          [-47.37482997876533, -22.36672997918889],
          [-47.37377998127141, -22.36696997672516],
          [-47.37360998209736, -22.36699997917477],
          [-47.373429967399694, -22.36702998162438],
          [-47.371329972411864, -22.367259985697657],
          [-47.37097998060077, -22.367319968536254],
          [-47.37097998743352, -22.36731998603411],
          [-47.3707999873647, -22.36771997883411],
          [-47.37050997990087, -22.36817997165705],
          [-47.37050998640603, -22.368179978676174],
          [-47.370969979127494, -22.368439986071174],
          [-47.37069997908382, -22.36890997144132],
          [-47.37069998363678, -22.36890997788958],
          [-47.37091997608649, -22.36969996982797],
          [-47.37061997635561, -22.369989976920756],
          [-47.37056996904753, -22.370069984201926],
          [-47.37027998401354, -22.370569969047526],
          [-47.36992997697458, -22.371149983233103],
          [-47.36954996996253, -22.37174998269487],
          [-47.3695499838137, -22.371749979419707],
          [-47.36960157791936, -22.37177678012017]
        ]
      },
      "StartPosition": [-47.37615947278922, -22.36430554734387],
      "Steps": [
        {
          "Distance": 0.3019135087399136,
          "DurationSeconds": 52.616529117,
          "EndPosition": [-47.3748299739942, -22.366729967728812],
          "GeometryOffset": 1,
          "StartPosition": [-47.375839981856835, -22.364859968461246]
        },
        {
          "Distance": 0.40261077880859375,
          "DurationSeconds": 45.942077636,
          "EndPosition": [-47.37097998060077, -22.367319968536254],
          "GeometryOffset": 6,
          "StartPosition": [-47.37482997876533, -22.36672997918889]
        },
        {
          "Distance": 0.10752105712890625,
          "DurationSeconds": 10.141296386,
          "EndPosition": [-47.37050997990087, -22.36817997165705],
          "GeometryOffset": 12,
          "StartPosition": [-47.37097998743352, -22.36731998603411]
        },
        {
          "Distance": 0.1143646240234375,
          "DurationSeconds": 12.349548339,
          "EndPosition": [-47.37069997908382, -22.36890997144132],
          "GeometryOffset": 15,
          "StartPosition": [-47.37050998640603, -22.368179978676174]
        },
        {
          "Distance": 0.090362548828125,
          "DurationSeconds": 9.387817382,
          "EndPosition": [-47.37091997608649, -22.36969996982797],
          "GeometryOffset": 18,
          "StartPosition": [-47.37069998363678, -22.36890997788958]
        },
        {
          "Distance": 0.26924896240234375,
          "DurationSeconds": 26.706848144,
          "EndPosition": [-47.36954996996253, -22.37174998269487],
          "GeometryOffset": 20,
          "StartPosition": [-47.37061997635561, -22.369989976920756]
        },
        {
          "Distance": 0.006092119906150106,
          "DurationSeconds": 1.414316755,
          "EndPosition": [-47.36960157791936, -22.37177678012017],
          "GeometryOffset": 25,
          "StartPosition": [-47.3695499838137, -22.371749979419707]
        }
      ]
    },
    {
      "Distance": 0.9380660167216384,
      "DurationSeconds": 100.22835684500001,
      "EndPosition": [-47.37297149210732, -22.375751109975376],
      "Geometry": {
        "LineString": [
          [-47.36960157791936, -22.37177678012017],
          [-47.3695499838137, -22.371749979419707],
          [-47.36954998143254, -22.37174997466068],
          [-47.369189970107875, -22.37232997207326],
          [-47.368839973190504, -22.372879970380296],
          [-47.36883998726001, -22.372879979249646],
          [-47.369349988323734, -22.3731499694317],
          [-47.371179983057175, -22.374149985358894],
          [-47.371919979842616, -22.374539980981783],
          [-47.37259997390764, -22.374909968344593],
          [-47.373109974971364, -22.375259969507148],
          [-47.37310997093277, -22.375259973199423],
          [-47.37315998073288, -22.375259973199423],
          [-47.373269971409265, -22.375339984467622],
          [-47.373279986605226, -22.37537997907177],
          [-47.373239969941174, -22.375489969748152],
          [-47.37319997533703, -22.375509978080178],
          [-47.37277997684372, -22.376579971615524],
          [-47.37277996928002, -22.37657998335856],
          [-47.37267997239265, -22.376549982086374],
          [-47.37297149210732, -22.375751109975376]
        ]
      },
      "StartPosition": [-47.36960157791936, -22.37177678012017],
      "Steps": [
        {
          "Distance": 0.006092119906150106,
          "DurationSeconds": 1.246408663,
          "EndPosition": [-47.3695499838137, -22.371749979419707],
          "GeometryOffset": 1,
          "StartPosition": [-47.3695499838137, -22.371749979419707]
        },
        {
          "Distance": 0.1447296142578125,
          "DurationSeconds": 14.356384277,